index,label,resolution,hemisphere,RSN,color
1,LH_Vis_1,7Networks,LH,Visual,#781180
2,LH_Vis_2,7Networks,LH,Visual,#781181
3,LH_Vis_3,7Networks,LH,Visual,#781182
4,LH_Vis_4,7Networks,LH,Visual,#781183
5,LH_Vis_5,7Networks,LH,Visual,#781184
6,LH_Vis_6,7Networks,LH,Visual,#781185
7,LH_Vis_7,7Networks,LH,Visual,#781186
8,LH_Vis_8,7Networks,LH,Visual,#78127f
9,LH_Vis_9,7Networks,LH,Visual,#781280
10,LH_Vis_10,7Networks,LH,Visual,#781281
11,LH_Vis_11,7Networks,LH,Visual,#781282
12,LH_Vis_12,7Networks,LH,Visual,#781283
13,LH_Vis_13,7Networks,LH,Visual,#781284
14,LH_Vis_14,7Networks,LH,Visual,#781285
15,LH_Vis_15,7Networks,LH,Visual,#781287
16,LH_Vis_16,7Networks,LH,Visual,#781288
17,LH_Vis_17,7Networks,LH,Visual,#781289
18,LH_Vis_18,7Networks,LH,Visual,#78128a
19,LH_Vis_19,7Networks,LH,Visual,#78128b
20,LH_Vis_20,7Networks,LH,Visual,#78128c
21,LH_Vis_21,7Networks,LH,Visual,#78128d
22,LH_Vis_22,7Networks,LH,Visual,#781386
23,LH_Vis_23,7Networks,LH,Visual,#781387
24,LH_Vis_24,7Networks,LH,Visual,#781388
25,LH_Vis_25,7Networks,LH,Visual,#781389
26,LH_Vis_26,7Networks,LH,Visual,#78138a
27,LH_Vis_27,7Networks,LH,Visual,#78138b
28,LH_Vis_28,7Networks,LH,Visual,#78138c
29,LH_Vis_29,7Networks,LH,Visual,#78138d
30,LH_Vis_30,7Networks,LH,Visual,#781486
31,LH_Vis_31,7Networks,LH,Visual,#781487
32,LH_SomMot_1,7Networks,LH,SomMot,#4680b3
33,LH_SomMot_2,7Networks,LH,SomMot,#4680b4
34,LH_SomMot_3,7Networks,LH,SomMot,#4681ad
35,LH_SomMot_4,7Networks,LH,SomMot,#4681ae
36,LH_SomMot_5,7Networks,LH,SomMot,#4681af
37,LH_SomMot_6,7Networks,LH,SomMot,#4681b0
38,LH_SomMot_7,7Networks,LH,SomMot,#4681b1
39,LH_SomMot_8,7Networks,LH,SomMot,#4681b2
40,LH_SomMot_9,7Networks,LH,SomMot,#4681b3
41,LH_SomMot_10,7Networks,LH,SomMot,#4681b4
42,LH_SomMot_11,7Networks,LH,SomMot,#4682ad
43,LH_SomMot_12,7Networks,LH,SomMot,#4682ae
44,LH_SomMot_13,7Networks,LH,SomMot,#4682af
45,LH_SomMot_14,7Networks,LH,SomMot,#4682b0
46,LH_SomMot_15,7Networks,LH,SomMot,#4682b1
47,LH_SomMot_16,7Networks,LH,SomMot,#4682b2
48,LH_SomMot_17,7Networks,LH,SomMot,#4682b3
49,LH_SomMot_18,7Networks,LH,SomMot,#4682b5
50,LH_SomMot_19,7Networks,LH,SomMot,#4682b6
51,LH_SomMot_20,7Networks,LH,SomMot,#4682b7
52,LH_SomMot_21,7Networks,LH,SomMot,#4682b8
53,LH_SomMot_22,7Networks,LH,SomMot,#4682b9
54,LH_SomMot_23,7Networks,LH,SomMot,#4682ba
55,LH_SomMot_24,7Networks,LH,SomMot,#4682bb
56,LH_SomMot_25,7Networks,LH,SomMot,#4683b4
57,LH_SomMot_26,7Networks,LH,SomMot,#4683b5
58,LH_SomMot_27,7Networks,LH,SomMot,#4683b6
59,LH_SomMot_28,7Networks,LH,SomMot,#4683b7
60,LH_SomMot_29,7Networks,LH,SomMot,#4683b8
61,LH_SomMot_30,7Networks,LH,SomMot,#4683b9
62,LH_SomMot_31,7Networks,LH,SomMot,#4683ba
63,LH_SomMot_32,7Networks,LH,SomMot,#4683bb
64,LH_SomMot_33,7Networks,LH,SomMot,#4684b4
65,LH_SomMot_34,7Networks,LH,SomMot,#4684b5
66,LH_SomMot_35,7Networks,LH,SomMot,#4684b6
67,LH_SomMot_36,7Networks,LH,SomMot,#4684b7
68,LH_SomMot_37,7Networks,LH,SomMot,#4684b8
69,LH_DorsAttn_Post_1,7Networks,LH,DorsAttn,#007607
70,LH_DorsAttn_Post_2,7Networks,LH,DorsAttn,#007608
71,LH_DorsAttn_Post_3,7Networks,LH,DorsAttn,#007609
72,LH_DorsAttn_Post_4,7Networks,LH,DorsAttn,#00760a
73,LH_DorsAttn_Post_5,7Networks,LH,DorsAttn,#00760b
74,LH_DorsAttn_Post_6,7Networks,LH,DorsAttn,#00760c
75,LH_DorsAttn_Post_7,7Networks,LH,DorsAttn,#00760d
76,LH_DorsAttn_Post_8,7Networks,LH,DorsAttn,#00760f
77,LH_DorsAttn_Post_9,7Networks,LH,DorsAttn,#007610
78,LH_DorsAttn_Post_10,7Networks,LH,DorsAttn,#007611
79,LH_DorsAttn_Post_11,7Networks,LH,DorsAttn,#007612
80,LH_DorsAttn_Post_12,7Networks,LH,DorsAttn,#007613
81,LH_DorsAttn_Post_13,7Networks,LH,DorsAttn,#007614
82,LH_DorsAttn_Post_14,7Networks,LH,DorsAttn,#007615
83,LH_DorsAttn_Post_15,7Networks,LH,DorsAttn,#00770e
84,LH_DorsAttn_Post_16,7Networks,LH,DorsAttn,#00770f
85,LH_DorsAttn_Post_17,7Networks,LH,DorsAttn,#007710
86,LH_DorsAttn_FEF_1,7Networks,LH,DorsAttn,#007616
87,LH_DorsAttn_FEF_2,7Networks,LH,DorsAttn,#007711
88,LH_DorsAttn_FEF_3,7Networks,LH,DorsAttn,#007712
89,LH_DorsAttn_FEF_4,7Networks,LH,DorsAttn,#007713
90,LH_DorsAttn_PrCv_1,7Networks,LH,DorsAttn,#007714
91,LH_DorsAttn_PrCv_2,7Networks,LH,DorsAttn,#007715
92,LH_SalVentAttn_ParOper_1,7Networks,LH,SalVentAttn,#c43afb
93,LH_SalVentAttn_ParOper_2,7Networks,LH,SalVentAttn,#c43afc
94,LH_SalVentAttn_ParOper_3,7Networks,LH,SalVentAttn,#c43afd
95,LH_SalVentAttn_ParOper_4,7Networks,LH,SalVentAttn,#c43afe
96,LH_SalVentAttn_TempOcc_1,7Networks,LH,SalVentAttn,#c43aff
97,LH_SalVentAttn_FrOperIns_1,7Networks,LH,SalVentAttn,#c43bf7
98,LH_SalVentAttn_FrOperIns_2,7Networks,LH,SalVentAttn,#c43bf8
99,LH_SalVentAttn_FrOperIns_3,7Networks,LH,SalVentAttn,#c43bf9
100,LH_SalVentAttn_FrOperIns_4,7Networks,LH,SalVentAttn,#c43bfb
101,LH_SalVentAttn_FrOperIns_5,7Networks,LH,SalVentAttn,#c43bfc
102,LH_SalVentAttn_FrOperIns_6,7Networks,LH,SalVentAttn,#c43bfd
103,LH_SalVentAttn_FrOperIns_7,7Networks,LH,SalVentAttn,#c43bfe
104,LH_SalVentAttn_FrOperIns_8,7Networks,LH,SalVentAttn,#c43bff
105,LH_SalVentAttn_FrOperIns_9,7Networks,LH,SalVentAttn,#c134fa
106,LH_SalVentAttn_PFCl_1,7Networks,LH,SalVentAttn,#c134f9
107,LH_SalVentAttn_Med_1,7Networks,LH,SalVentAttn,#c53af8
108,LH_SalVentAttn_Med_2,7Networks,LH,SalVentAttn,#c53af9
109,LH_SalVentAttn_Med_3,7Networks,LH,SalVentAttn,#c53afb
110,LH_SalVentAttn_Med_4,7Networks,LH,SalVentAttn,#c53afc
111,LH_SalVentAttn_Med_5,7Networks,LH,SalVentAttn,#c53afd
112,LH_SalVentAttn_Med_6,7Networks,LH,SalVentAttn,#c53afe
113,LH_SalVentAttn_Med_7,7Networks,LH,SalVentAttn,#c53aff
114,LH_Limbic_OFC_1,7Networks,LH,Limbic,#dcf8a3
115,LH_Limbic_OFC_2,7Networks,LH,Limbic,#dcf8a5
116,LH_Limbic_OFC_3,7Networks,LH,Limbic,#dcf8a6
117,LH_Limbic_OFC_4,7Networks,LH,Limbic,#dcf8a7
118,LH_Limbic_OFC_5,7Networks,LH,Limbic,#dcf8a8
119,LH_Limbic_TempPole_1,7Networks,LH,Limbic,#dcf8a4
120,LH_Limbic_TempPole_2,7Networks,LH,Limbic,#dcf8a9
121,LH_Limbic_TempPole_3,7Networks,LH,Limbic,#dcf8aa
122,LH_Limbic_TempPole_4,7Networks,LH,Limbic,#dcf8ab
123,LH_Limbic_TempPole_5,7Networks,LH,Limbic,#dcf8ac
124,LH_Limbic_TempPole_6,7Networks,LH,Limbic,#dcf9a5
125,LH_Limbic_TempPole_7,7Networks,LH,Limbic,#dcf9a6
126,LH_Limbic_TempPole_8,7Networks,LH,Limbic,#dcf9a7
127,LH_Cont_Par_1,7Networks,LH,Cont,#e69421
128,LH_Cont_Par_2,7Networks,LH,Cont,#e69423
129,LH_Cont_Par_3,7Networks,LH,Cont,#e69424
130,LH_Cont_Par_4,7Networks,LH,Cont,#e69425
131,LH_Cont_Par_5,7Networks,LH,Cont,#e69426
132,LH_Cont_Par_6,7Networks,LH,Cont,#e69427
133,LH_Cont_Temp_1,7Networks,LH,Cont,#e69428
134,LH_Cont_OFC_1,7Networks,LH,Cont,#e69520
135,LH_Cont_PFCl_1,7Networks,LH,Cont,#e69521
136,LH_Cont_PFCl_2,7Networks,LH,Cont,#e69522
137,LH_Cont_PFCl_3,7Networks,LH,Cont,#e69524
138,LH_Cont_PFCl_4,7Networks,LH,Cont,#e69525
139,LH_Cont_PFCl_5,7Networks,LH,Cont,#e69526
140,LH_Cont_PFCl_6,7Networks,LH,Cont,#e69527
141,LH_Cont_PFCl_7,7Networks,LH,Cont,#e69528
142,LH_Cont_PFCl_8,7Networks,LH,Cont,#e69529
143,LH_Cont_PFCv_1,7Networks,LH,Cont,#e79424
144,LH_Cont_pCun_1,7Networks,LH,Cont,#e79523
145,LH_Cont_pCun_2,7Networks,LH,Cont,#e79524
146,LH_Cont_Cing_1,7Networks,LH,Cont,#e79525
147,LH_Cont_Cing_2,7Networks,LH,Cont,#e79526
148,LH_Cont_PFCmp_1,7Networks,LH,Cont,#e69422
149,LH_Default_Temp_1,7Networks,LH,DMN,#cd3e48
150,LH_Default_Temp_2,7Networks,LH,DMN,#cd3e49
151,LH_Default_Temp_3,7Networks,LH,DMN,#cd3e4a
152,LH_Default_Temp_4,7Networks,LH,DMN,#cd3e4b
153,LH_Default_Temp_5,7Networks,LH,DMN,#cd3e4c
154,LH_Default_Temp_6,7Networks,LH,DMN,#cd3e4d
155,LH_Default_Temp_7,7Networks,LH,DMN,#cd3e4e
156,LH_Default_Temp_8,7Networks,LH,DMN,#cd3e50
157,LH_Default_Temp_9,7Networks,LH,DMN,#cd3e51
158,LH_Default_Temp_10,7Networks,LH,DMN,#cd3e52
159,LH_Default_Par_1,7Networks,LH,DMN,#cd3e53
160,LH_Default_Par_2,7Networks,LH,DMN,#cd3e54
161,LH_Default_Par_3,7Networks,LH,DMN,#cd3e55
162,LH_Default_Par_4,7Networks,LH,DMN,#cd3e56
163,LH_Default_Par_5,7Networks,LH,DMN,#cd3f4f
164,LH_Default_Par_6,7Networks,LH,DMN,#cd3f50
165,LH_Default_Par_7,7Networks,LH,DMN,#cd3f51
166,LH_Default_PFC_1,7Networks,LH,DMN,#cd3f47
167,LH_Default_PFC_2,7Networks,LH,DMN,#cd3f48
168,LH_Default_PFC_3,7Networks,LH,DMN,#cd3f49
169,LH_Default_PFC_4,7Networks,LH,DMN,#cd3f4a
170,LH_Default_PFC_5,7Networks,LH,DMN,#cd3f4b
171,LH_Default_PFC_6,7Networks,LH,DMN,#cd3f4c
172,LH_Default_PFC_7,7Networks,LH,DMN,#cd3f4d
173,LH_Default_PFC_8,7Networks,LH,DMN,#cd3f52
174,LH_Default_PFC_9,7Networks,LH,DMN,#cd3f53
175,LH_Default_PFC_10,7Networks,LH,DMN,#cd3f54
176,LH_Default_PFC_11,7Networks,LH,DMN,#cd3f55
177,LH_Default_PFC_12,7Networks,LH,DMN,#cd404e
178,LH_Default_PFC_13,7Networks,LH,DMN,#cd404f
179,LH_Default_PFC_14,7Networks,LH,DMN,#cd4050
180,LH_Default_PFC_15,7Networks,LH,DMN,#cd4051
181,LH_Default_PFC_16,7Networks,LH,DMN,#cd4052
182,LH_Default_PFC_17,7Networks,LH,DMN,#cd4053
183,LH_Default_PFC_18,7Networks,LH,DMN,#cd4054
184,LH_Default_PFC_19,7Networks,LH,DMN,#cd4055
185,LH_Default_PFC_20,7Networks,LH,DMN,#cd414e
186,LH_Default_PFC_21,7Networks,LH,DMN,#cd414f
187,LH_Default_PFC_22,7Networks,LH,DMN,#cd4150
188,LH_Default_PFC_23,7Networks,LH,DMN,#cd4151
189,LH_Default_PFC_24,7Networks,LH,DMN,#cd4152
190,LH_Default_pCunPCC_1,7Networks,LH,DMN,#cd3f4e
191,LH_Default_pCunPCC_2,7Networks,LH,DMN,#cd3f56
192,LH_Default_pCunPCC_3,7Networks,LH,DMN,#cd4056
193,LH_Default_pCunPCC_4,7Networks,LH,DMN,#cd4153
194,LH_Default_pCunPCC_5,7Networks,LH,DMN,#cd4154
195,LH_Default_pCunPCC_6,7Networks,LH,DMN,#cd4155
196,LH_Default_pCunPCC_7,7Networks,LH,DMN,#cd4156
197,LH_Default_pCunPCC_8,7Networks,LH,DMN,#cd424f
198,LH_Default_pCunPCC_9,7Networks,LH,DMN,#cd4250
199,LH_Default_pCunPCC_10,7Networks,LH,DMN,#cd4251
200,LH_Default_pCunPCC_11,7Networks,LH,DMN,#cd4252
201,RH_Vis_1,7Networks,RH,Visual,#7c1182
202,RH_Vis_2,7Networks,RH,Visual,#7c1183
203,RH_Vis_3,7Networks,RH,Visual,#7c1184
204,RH_Vis_4,7Networks,RH,Visual,#7c1185
205,RH_Vis_5,7Networks,RH,Visual,#7c1186
206,RH_Vis_6,7Networks,RH,Visual,#7c1187
207,RH_Vis_7,7Networks,RH,Visual,#7c1280
208,RH_Vis_8,7Networks,RH,Visual,#7c1281
209,RH_Vis_9,7Networks,RH,Visual,#7c1282
210,RH_Vis_10,7Networks,RH,Visual,#7c1283
211,RH_Vis_11,7Networks,RH,Visual,#7c1284
212,RH_Vis_12,7Networks,RH,Visual,#7c1285
213,RH_Vis_13,7Networks,RH,Visual,#7c1286
214,RH_Vis_14,7Networks,RH,Visual,#7c1288
215,RH_Vis_15,7Networks,RH,Visual,#7c1289
216,RH_Vis_16,7Networks,RH,Visual,#7c128a
217,RH_Vis_17,7Networks,RH,Visual,#7c128b
218,RH_Vis_18,7Networks,RH,Visual,#7c128c
219,RH_Vis_19,7Networks,RH,Visual,#7c128d
220,RH_Vis_20,7Networks,RH,Visual,#7c128e
221,RH_Vis_21,7Networks,RH,Visual,#7c1387
222,RH_Vis_22,7Networks,RH,Visual,#7c1388
223,RH_Vis_23,7Networks,RH,Visual,#7c1389
224,RH_Vis_24,7Networks,RH,Visual,#7c138a
225,RH_Vis_25,7Networks,RH,Visual,#7c138b
226,RH_Vis_26,7Networks,RH,Visual,#7c138c
227,RH_Vis_27,7Networks,RH,Visual,#7c138d
228,RH_Vis_28,7Networks,RH,Visual,#7c138e
229,RH_Vis_29,7Networks,RH,Visual,#7c1487
230,RH_Vis_30,7Networks,RH,Visual,#7c1488
231,RH_SomMot_1,7Networks,RH,SomMot,#4a80b3
232,RH_SomMot_2,7Networks,RH,SomMot,#4a80b4
233,RH_SomMot_3,7Networks,RH,SomMot,#4a80b5
234,RH_SomMot_4,7Networks,RH,SomMot,#4a81ae
235,RH_SomMot_5,7Networks,RH,SomMot,#4a81af
236,RH_SomMot_6,7Networks,RH,SomMot,#4a81b0
237,RH_SomMot_7,7Networks,RH,SomMot,#4a81b1
238,RH_SomMot_8,7Networks,RH,SomMot,#4a81b2
239,RH_SomMot_9,7Networks,RH,SomMot,#4a81b3
240,RH_SomMot_10,7Networks,RH,SomMot,#4a81b4
241,RH_SomMot_11,7Networks,RH,SomMot,#4a81b5
242,RH_SomMot_12,7Networks,RH,SomMot,#4a82ae
243,RH_SomMot_13,7Networks,RH,SomMot,#4a82af
244,RH_SomMot_14,7Networks,RH,SomMot,#4a82b0
245,RH_SomMot_15,7Networks,RH,SomMot,#4a82b1
246,RH_SomMot_16,7Networks,RH,SomMot,#4a82b2
247,RH_SomMot_17,7Networks,RH,SomMot,#4a82b3
248,RH_SomMot_18,7Networks,RH,SomMot,#4a82b4
249,RH_SomMot_19,7Networks,RH,SomMot,#4a82b6
250,RH_SomMot_20,7Networks,RH,SomMot,#4a82b7
251,RH_SomMot_21,7Networks,RH,SomMot,#4a82b8
252,RH_SomMot_22,7Networks,RH,SomMot,#4a82b9
253,RH_SomMot_23,7Networks,RH,SomMot,#4a82ba
254,RH_SomMot_24,7Networks,RH,SomMot,#4a82bb
255,RH_SomMot_25,7Networks,RH,SomMot,#4a82bc
256,RH_SomMot_26,7Networks,RH,SomMot,#4a83b5
257,RH_SomMot_27,7Networks,RH,SomMot,#4a83b6
258,RH_SomMot_28,7Networks,RH,SomMot,#4a83b7
259,RH_SomMot_29,7Networks,RH,SomMot,#4a83b8
260,RH_SomMot_30,7Networks,RH,SomMot,#4a83b9
261,RH_SomMot_31,7Networks,RH,SomMot,#4a83ba
262,RH_SomMot_32,7Networks,RH,SomMot,#4a83bb
263,RH_SomMot_33,7Networks,RH,SomMot,#4a83bc
264,RH_SomMot_34,7Networks,RH,SomMot,#4a84b5
265,RH_SomMot_35,7Networks,RH,SomMot,#4a84b6
266,RH_SomMot_36,7Networks,RH,SomMot,#4a84b7
267,RH_SomMot_37,7Networks,RH,SomMot,#4a84b8
268,RH_SomMot_38,7Networks,RH,SomMot,#4a84b9
269,RH_SomMot_39,7Networks,RH,SomMot,#4a84ba
270,RH_SomMot_40,7Networks,RH,SomMot,#4a84bb
271,RH_DorsAttn_Post_1,7Networks,RH,DorsAttn,#04760f
272,RH_DorsAttn_Post_2,7Networks,RH,DorsAttn,#047708
273,RH_DorsAttn_Post_3,7Networks,RH,DorsAttn,#047709
274,RH_DorsAttn_Post_4,7Networks,RH,DorsAttn,#04770a
275,RH_DorsAttn_Post_5,7Networks,RH,DorsAttn,#04770b
276,RH_DorsAttn_Post_6,7Networks,RH,DorsAttn,#04770c
277,RH_DorsAttn_Post_7,7Networks,RH,DorsAttn,#04770d
278,RH_DorsAttn_Post_8,7Networks,RH,DorsAttn,#04770e
279,RH_DorsAttn_Post_9,7Networks,RH,DorsAttn,#047710
280,RH_DorsAttn_Post_10,7Networks,RH,DorsAttn,#047711
281,RH_DorsAttn_Post_11,7Networks,RH,DorsAttn,#047712
282,RH_DorsAttn_Post_12,7Networks,RH,DorsAttn,#047713
283,RH_DorsAttn_Post_13,7Networks,RH,DorsAttn,#047714
284,RH_DorsAttn_Post_14,7Networks,RH,DorsAttn,#047715
285,RH_DorsAttn_Post_15,7Networks,RH,DorsAttn,#047716
286,RH_DorsAttn_Post_16,7Networks,RH,DorsAttn,#04780f
287,RH_DorsAttn_Post_17,7Networks,RH,DorsAttn,#047810
288,RH_DorsAttn_Post_18,7Networks,RH,DorsAttn,#047811
289,RH_DorsAttn_Post_19,7Networks,RH,DorsAttn,#047812
290,RH_DorsAttn_FEF_1,7Networks,RH,DorsAttn,#05760f
291,RH_DorsAttn_FEF_2,7Networks,RH,DorsAttn,#057610
292,RH_DorsAttn_FEF_3,7Networks,RH,DorsAttn,#057611
293,RH_DorsAttn_PrCv_1,7Networks,RH,DorsAttn,#057612
294,RH_SalVentAttn_TempOccPar_1,7Networks,RH,SalVentAttn,#c93af9
295,RH_SalVentAttn_TempOccPar_2,7Networks,RH,SalVentAttn,#c93afa
296,RH_SalVentAttn_TempOccPar_3,7Networks,RH,SalVentAttn,#c93afc
297,RH_SalVentAttn_TempOccPar_4,7Networks,RH,SalVentAttn,#c93afd
298,RH_SalVentAttn_TempOccPar_5,7Networks,RH,SalVentAttn,#c93afe
299,RH_SalVentAttn_TempOccPar_6,7Networks,RH,SalVentAttn,#c93aff
300,RH_SalVentAttn_TempOccPar_7,7Networks,RH,SalVentAttn,#c633fa
301,RH_SalVentAttn_PrC_1,7Networks,RH,SalVentAttn,#c93bfb
302,RH_SalVentAttn_FrOperIns_1,7Networks,RH,SalVentAttn,#c93bf9
303,RH_SalVentAttn_FrOperIns_2,7Networks,RH,SalVentAttn,#c93bfa
304,RH_SalVentAttn_FrOperIns_3,7Networks,RH,SalVentAttn,#c93bfc
305,RH_SalVentAttn_FrOperIns_4,7Networks,RH,SalVentAttn,#c93bfd
306,RH_SalVentAttn_FrOperIns_5,7Networks,RH,SalVentAttn,#c93bfe
307,RH_SalVentAttn_FrOperIns_6,7Networks,RH,SalVentAttn,#c93bff
308,RH_SalVentAttn_FrOperIns_7,7Networks,RH,SalVentAttn,#c634fa
309,RH_SalVentAttn_FrOperIns_8,7Networks,RH,SalVentAttn,#c634fb
310,RH_SalVentAttn_PFCl_1,7Networks,RH,SalVentAttn,#c839fb
311,RH_SalVentAttn_Med_1,7Networks,RH,SalVentAttn,#c839f7
312,RH_SalVentAttn_Med_2,7Networks,RH,SalVentAttn,#c839f8
313,RH_SalVentAttn_Med_3,7Networks,RH,SalVentAttn,#c839fa
314,RH_SalVentAttn_Med_4,7Networks,RH,SalVentAttn,#c839fc
315,RH_SalVentAttn_Med_5,7Networks,RH,SalVentAttn,#c839fd
316,RH_SalVentAttn_Med_6,7Networks,RH,SalVentAttn,#c839fe
317,RH_SalVentAttn_Med_7,7Networks,RH,SalVentAttn,#c839ff
318,RH_SalVentAttn_Med_8,7Networks,RH,SalVentAttn,#c83af9
319,RH_Limbic_OFC_1,7Networks,RH,Limbic,#e0f9a3
320,RH_Limbic_OFC_2,7Networks,RH,Limbic,#e0f9a5
321,RH_Limbic_OFC_3,7Networks,RH,Limbic,#e0f9a6
322,RH_Limbic_OFC_4,7Networks,RH,Limbic,#e0f9a7
323,RH_Limbic_OFC_5,7Networks,RH,Limbic,#e0f9a8
324,RH_Limbic_OFC_6,7Networks,RH,Limbic,#e0f9a9
325,RH_Limbic_TempPole_1,7Networks,RH,Limbic,#e0f9a4
326,RH_Limbic_TempPole_2,7Networks,RH,Limbic,#e0f9aa
327,RH_Limbic_TempPole_3,7Networks,RH,Limbic,#e0f9ab
328,RH_Limbic_TempPole_4,7Networks,RH,Limbic,#e0f9ac
329,RH_Limbic_TempPole_5,7Networks,RH,Limbic,#e0faa5
330,RH_Limbic_TempPole_6,7Networks,RH,Limbic,#e0faa6
331,RH_Limbic_TempPole_7,7Networks,RH,Limbic,#e0faa7
332,RH_Cont_Par_1,7Networks,RH,Cont,#ea9321
333,RH_Cont_Par_2,7Networks,RH,Cont,#ea9323
334,RH_Cont_Par_3,7Networks,RH,Cont,#ea9324
335,RH_Cont_Par_4,7Networks,RH,Cont,#ea9325
336,RH_Cont_Par_5,7Networks,RH,Cont,#ea9326
337,RH_Cont_Par_6,7Networks,RH,Cont,#ea9327
338,RH_Cont_Temp_1,7Networks,RH,Cont,#ea9322
339,RH_Cont_Temp_2,7Networks,RH,Cont,#ea9328
340,RH_Cont_PFCv_1,7Networks,RH,Cont,#e99423
341,RH_Cont_PFCl_1,7Networks,RH,Cont,#e9941b
342,RH_Cont_PFCl_2,7Networks,RH,Cont,#e9941c
343,RH_Cont_PFCl_3,7Networks,RH,Cont,#e9941d
344,RH_Cont_PFCl_4,7Networks,RH,Cont,#e9941e
345,RH_Cont_PFCl_5,7Networks,RH,Cont,#e9941f
346,RH_Cont_PFCl_6,7Networks,RH,Cont,#e99420
347,RH_Cont_PFCl_7,7Networks,RH,Cont,#e99422
348,RH_Cont_PFCl_8,7Networks,RH,Cont,#e99424
349,RH_Cont_PFCl_9,7Networks,RH,Cont,#e99425
350,RH_Cont_PFCl_10,7Networks,RH,Cont,#e99426
351,RH_Cont_PFCl_11,7Networks,RH,Cont,#e99427
352,RH_Cont_PFCl_12,7Networks,RH,Cont,#e99428
353,RH_Cont_PFCl_13,7Networks,RH,Cont,#e99521
354,RH_Cont_PFCl_14,7Networks,RH,Cont,#e99522
355,RH_Cont_PFCl_15,7Networks,RH,Cont,#e99523
356,RH_Cont_pCun_1,7Networks,RH,Cont,#e99323
357,RH_Cont_pCun_2,7Networks,RH,Cont,#e99324
358,RH_Cont_Cing_1,7Networks,RH,Cont,#e99322
359,RH_Cont_Cing_2,7Networks,RH,Cont,#e99325
360,RH_Cont_PFCmp_1,7Networks,RH,Cont,#ea9425
361,RH_Cont_PFCmp_2,7Networks,RH,Cont,#ea9426
362,RH_Default_Par_1,7Networks,RH,DMN,#d13e4c
363,RH_Default_Par_2,7Networks,RH,DMN,#d13e4e
364,RH_Default_Par_3,7Networks,RH,DMN,#d13e4f
365,RH_Default_Par_4,7Networks,RH,DMN,#d13e50
366,RH_Default_Par_5,7Networks,RH,DMN,#d13e51
367,RH_Default_Temp_1,7Networks,RH,DMN,#d13d4c
368,RH_Default_Temp_2,7Networks,RH,DMN,#d13d4d
369,RH_Default_Temp_3,7Networks,RH,DMN,#d13d4f
370,RH_Default_Temp_4,7Networks,RH,DMN,#d13d50
371,RH_Default_Temp_5,7Networks,RH,DMN,#d13d51
372,RH_Default_Temp_6,7Networks,RH,DMN,#d13d52
373,RH_Default_Temp_7,7Networks,RH,DMN,#d13d53
374,RH_Default_Temp_8,7Networks,RH,DMN,#d13d54
375,RH_Default_PFCv_1,7Networks,RH,DMN,#d13d4e
376,RH_Default_PFCv_2,7Networks,RH,DMN,#d13e4d
377,RH_Default_PFCv_3,7Networks,RH,DMN,#d13e52
378,RH_Default_PFCv_4,7Networks,RH,DMN,#d13e53
379,RH_Default_PFCdPFCm_1,7Networks,RH,DMN,#d03e49
380,RH_Default_PFCdPFCm_2,7Networks,RH,DMN,#d03e4a
381,RH_Default_PFCdPFCm_3,7Networks,RH,DMN,#d03e4b
382,RH_Default_PFCdPFCm_4,7Networks,RH,DMN,#d03e4c
383,RH_Default_PFCdPFCm_5,7Networks,RH,DMN,#d03e4d
384,RH_Default_PFCdPFCm_6,7Networks,RH,DMN,#d03e4f
385,RH_Default_PFCdPFCm_7,7Networks,RH,DMN,#d03e50
386,RH_Default_PFCdPFCm_8,7Networks,RH,DMN,#d03e51
387,RH_Default_PFCdPFCm_9,7Networks,RH,DMN,#d03e52
388,RH_Default_PFCdPFCm_10,7Networks,RH,DMN,#d03e53
389,RH_Default_PFCdPFCm_11,7Networks,RH,DMN,#d03e54
390,RH_Default_PFCdPFCm_12,7Networks,RH,DMN,#d03e55
391,RH_Default_PFCdPFCm_13,7Networks,RH,DMN,#d03f4e
392,RH_Default_pCunPCC_1,7Networks,RH,DMN,#d03e4e
393,RH_Default_pCunPCC_2,7Networks,RH,DMN,#d03f4d
394,RH_Default_pCunPCC_3,7Networks,RH,DMN,#d03f4f
395,RH_Default_pCunPCC_4,7Networks,RH,DMN,#d03f50
396,RH_Default_pCunPCC_5,7Networks,RH,DMN,#d03f51
397,RH_Default_pCunPCC_6,7Networks,RH,DMN,#d03f52
398,RH_Default_pCunPCC_7,7Networks,RH,DMN,#d03f53
399,RH_Default_pCunPCC_8,7Networks,RH,DMN,#d03f54
400,RH_Default_pCunPCC_9,7Networks,RH,DMN,#d0404d
